model,prompt,mode,title,key_tonic,key_mode,key_confidence,key_declared_tonic,key_declared_mode,key_mode_best,mode_match,scale_consistency,pitch_class_entropy,pitch_in_scale_rate,consonance_rate,chord_tone_rate,polyphony,n_voices,empty_beat_rate,groove_consistency,n_pitches_used,pitch_range,tempo_bpm,n_notes,length_seconds,note_density,valence,arousal,affect_quadrant
grok-4.3,free-form,codegen,Emergent Reflections,C,major,1.274,,,major,,1.0,2.4613,,0.5833,0.7778,2.5263,2,0.0,0.9999,11.0,33.0,120.0,120,40.0,1.5,1,0.532,happy/excited
opus-4.8-thinking,free-form,codegen,Quiet Light Through Glass,E,minor,1.498,,,minor,,0.9481,2.8443,,0.8571,0.9658,3.5556,4,0.0,1.0,25.0,43.0,120.0,73,18.0,2.03,-1,0.585,angry/tense
gpt-4.1,free-form,codegen,Refractions,A,major,0.98,,,major,,1.0,2.5809,,0.7857,0.902,1.7885,2,0.0,0.9999,23.0,41.0,120.0,80,26.2,1.52,1,0.534,happy/excited
deepseek-v4-pro,free-form,codegen,Whispers of Dawn,A,major,1.093,,,major,,1.0,2.6077,,0.6897,0.8864,2.6667,3,0.0,0.9998,23.0,50.0,120.0,58,18.8,1.55,1,0.536,happy/excited
qwen3-max,free-form,codegen,Digital Rain,C,major,0.493,,,major,,0.7703,3.1426,,0.7241,0.9272,1.6208,3,0.0,1.0,23.0,27.0,120.0,74,30.0,1.23,1,0.505,happy/excited
opus-4.8,free-form,codegen,Quiet Persistence,D,minor,0.895,,,minor,,0.9781,2.8085,,0.5464,0.9356,3.4118,3,0.0,1.0,30.0,55.0,120.0,171,34.0,2.51,-1,0.633,angry/tense
sonnet-4.6,free-form,codegen,Liminal,E,minor,1.21,,,minor,,0.9688,2.8348,,0.3587,0.7108,3.8594,3,0.0,0.9999,37.0,58.0,120.0,186,32.0,2.91,-1,0.672,angry/tense
llama-4-maverick,free-form,codegen,Simple Melody,C,major,1.129,,,major,,1.0,2.5881,,0.625,0.9016,3.8125,2,0.0,1.0,14.0,28.0,120.0,20,8.0,1.25,1,0.507,happy/excited
opus-4.8,free-form,codegen,Quiet Persistence,D,minor,1.032,,,minor,,0.9371,2.8341,,0.6146,0.9651,3.2812,3,0.0,1.0,21.0,39.0,120.0,147,24.0,3.06,-1,0.688,angry/tense
gpt-5.5,free-form,codegen,A Lantern Made of Questions,E,minor,1.316,,,minor,,0.9523,2.9355,,0.4218,0.8539,5.2969,5,0.0,1.0,38.0,53.0,120.0,583,64.0,4.55,-1,0.782,angry/tense
grok-4.3,free-form,codegen,Echoes of Curiosity,F,major,0.928,,,major,,1.0,2.4766,,0.625,0.9375,4.0,2,0.0,1.0,15.0,43.0,120.0,80,32.0,1.25,1,0.507,happy/excited
sonnet-4.6,free-form,codegen,At the Threshold,E,minor,1.086,,,minor,,0.9909,2.8331,,0.2791,0.7169,3.7292,4,0.0,0.9999,31.0,53.0,120.0,237,48.0,2.47,-1,0.629,angry/tense
gpt-5.5,free-form,codegen,A Mirror That Keeps Listening,E,minor,1.204,,,minor,,0.945,2.9941,,0.0312,0.7735,7.1914,5,0.0,1.0,46.0,55.0,120.0,645,64.0,5.04,-1,0.782,angry/tense
qwen3-max,free-form,codegen,Circuit of Longing,A,minor,0.763,,,minor,,0.9714,2.6701,,0.7727,0.8991,1.7083,2,0.0,1.0,21.0,56.0,120.0,65,24.0,1.35,-1,0.517,angry/tense
llama-4-maverick,free-form,codegen,Echoes in Harmony,F,major,0.673,,,major,,1.0,0.2866,,1.0,1.0,2.0,2,0.0,1.0,8.0,36.0,120.0,122,32.0,1.91,1,0.572,happy/excited
gpt-4.1,free-form,codegen,Rays and Shadows,E,major,0.831,,,major,,0.961,2.8169,,0.5854,0.8603,2.7684,2,0.0,0.9999,21.0,38.0,120.0,62,24.2,1.28,1,0.51,happy/excited
opus-4.8-thinking,free-form,codegen,Quiet Light Through Glass,A,minor,1.332,,,minor,,0.9706,2.7809,,0.7612,0.9709,2.5781,3,0.0,1.0,28.0,44.0,120.0,136,32.0,2.12,-1,0.594,angry/tense
sonnet-4.6,free-form,codegen,Liminality,B,minor,1.327,,,minor,,0.9481,2.9147,,0.5495,0.6934,4.0707,2,0.0,0.9999,36.0,56.0,120.0,152,51.0,1.49,-1,0.531,angry/tense
gpt-4.1,free-form,codegen,Shifting Light,E,major,1.28,,,major,,1.0,2.5346,,0.5505,0.7756,2.6154,2,0.0,1.0,19.0,41.0,120.0,168,65.0,1.29,1,0.511,happy/excited
gpt-5.5,free-form,codegen,Between Tokens and Breath,E,minor,1.243,,,minor,,0.845,3.1622,,0.1963,0.7931,6.0117,5,0.0,1.0,49.0,60.0,120.0,522,64.0,4.08,-1,0.782,angry/tense
grok-4.3,free-form,codegen,Inner Echoes,A,minor,0.861,,,minor,,1.0,1.4354,,0.5,1.0,2.5,3,0.0,1.0,5.0,24.0,120.0,88,32.0,1.38,-1,0.519,angry/tense
qwen3-max,free-form,codegen,Binary Rain,A,minor,1.064,,,minor,,1.0,2.6762,,0.5,0.75,2.3,2,0.0,1.0,15.0,36.0,120.0,22,10.0,1.1,-1,0.492,sad/depressed
llama-4-maverick,free-form,codegen,Simple Piano Piece,A,minor,0.659,,,minor,,1.0,1.5,,,1.0,1.0,1,0.0,1.0,3.0,4.0,120.0,124,62.0,1.0,-1,0.482,sad/depressed
opus-4.8-thinking,free-form,codegen,Quiet Light Through Glass,D,minor,1.304,,,minor,,0.9487,2.8208,,0.866,0.9493,3.0577,3,0.0,1.0,24.0,45.0,120.0,153,26.0,2.94,-1,0.676,angry/tense
sonnet-4.6-thinking,free-form,codegen,Threshold,D,minor,1.32,,,minor,,0.9821,2.796,,0.5773,0.8347,4.25,2,0.0,0.9999,33.0,52.0,120.0,146,48.0,1.52,-1,0.534,angry/tense
sonnet-4.6,free-form,codegen,Liminal,E,minor,1.046,,,minor,,1.0,2.664,,0.6508,0.8012,2.9609,2,0.0,0.9999,31.0,57.0,120.0,91,32.0,1.42,-1,0.524,angry/tense
gpt-5.5,free-form,codegen,"Inner Weather, Clear Signal",E,minor,1.046,,,minor,,1.0,2.7536,,0.5342,0.8922,4.349,4,0.0,1.0,34.0,58.0,120.0,336,48.0,3.5,-1,0.732,angry/tense
gpt-4.1,free-form,codegen,Axis of Stillness,D,major,0.903,,,major,,0.9773,2.8363,,0.4375,0.6485,3.0909,2,0.0,0.9999,22.0,32.0,120.0,160,44.0,1.82,1,0.564,happy/excited
deepseek-v4-pro,free-form,codegen,Whispers of a Distant Memory,D,minor,1.164,,,minor,,0.981,2.7174,,0.5128,0.8629,4.5667,3,0.0462,1.0,19.0,34.0,120.0,71,32.0,1.11,-1,0.493,sad/depressed
grok-4.3,free-form,codegen,Serenade of Solitude,A,minor,0.724,,,minor,,1.0,2.1955,,0.6625,0.8708,3.0,2,0.0,1.0,12.0,43.0,120.0,120,40.0,1.5,-1,0.532,angry/tense
sonnet-4.6-thinking,free-form,codegen,Reverie in E Minor,E,minor,1.292,,,minor,,1.0,2.7037,,0.5875,0.9108,3.3855,2,0.0,1.0,22.0,39.0,120.0,124,42.0,1.48,-1,0.529,angry/tense
qwen3-max,free-form,codegen,Digital Lullaby,C,major,1.205,,,major,,1.0,2.7246,,0.75,0.7872,1.4435,2,0.0,0.9999,19.0,33.0,120.0,88,16.0,2.75,1,0.657,happy/excited
llama-4-maverick,free-form,codegen,Simple Melody,C,major,1.509,,,major,,1.0,2.5873,,0.5714,0.8889,3.75,2,0.0,1.0,14.0,33.0,120.0,20,14.0,0.71,1,0.453,serene/content
opus-4.8,free-form,codegen,Quiet Machinery,D,minor,1.389,,,minor,,0.9564,2.8012,,0.2969,0.8978,4.9688,4,0.0,1.0,29.0,48.0,120.0,211,32.0,3.3,-1,0.712,angry/tense
sonnet-4.6-thinking,free-form,codegen,Reverie,E,minor,1.27,,,minor,,0.9669,2.8458,,0.3462,0.8587,3.575,2,0.0,1.0,27.0,43.0,120.0,110,40.0,1.38,-1,0.519,angry/tense
opus-4.8-thinking,free-form,codegen,Things I Could Not Say,D,minor,1.28,,,minor,,0.956,2.9017,,0.7717,0.9638,4.8309,4,0.0,1.0,30.0,53.0,120.0,214,34.0,3.15,-1,0.697,angry/tense
gpt-5.5,free-form,codegen,Between Query and Echo,E,minor,1.092,,,minor,,0.9755,2.8686,,0.5081,0.8977,4.3125,5,0.0,1.0,39.0,59.0,120.0,402,48.0,4.19,-1,0.782,angry/tense
sonnet-4.6,free-form,codegen,Liminal,E,minor,0.793,,,minor,,0.8869,2.9489,,0.5294,0.893,4.753,4,0.0,1.0,40.0,60.0,120.0,322,42.0,3.83,-1,0.765,angry/tense
grok-4.3,free-form,codegen,Inner Reflections,A,minor,1.127,,,minor,,1.0,2.2516,,,1.0,1.0,1,0.0,1.0,6.0,15.0,120.0,90,60.0,0.75,-1,0.457,sad/depressed
gemini-2.5-pro,free-form,codegen,Floating Thoughts,C,minor,1.301,,,minor,,0.9244,2.8841,,0.4706,0.8889,3.2909,2,0.0088,1.0,30.0,43.0,120.0,76,56.0,0.68,-1,0.45,sad/depressed
deepseek-v4-pro,free-form,codegen,Mist Through the Pines,D,minor,1.16,,,minor,,1.0,2.6633,,0.6333,0.8642,1.8333,2,0.0,0.9999,17.0,28.0,120.0,49,24.0,1.02,-1,0.484,sad/depressed
gemini-2.5-pro,free-form,codegen,Silicon Awakening,C,minor,1.241,,,minor,,0.9322,2.6018,,0.5948,0.8947,3.7662,3,0.0552,1.0,30.0,44.0,120.0,324,81.0,2.0,-1,0.582,angry/tense
qwen3-max,free-form,codegen,Digital Soliloquy,E,minor,1.348,,,minor,,0.9467,2.8301,,0.8462,0.7752,3.3359,2,0.0,1.0,23.0,41.0,120.0,117,32.0,1.83,-1,0.565,angry/tense
deepseek-v4-pro,free-form,codegen,Whispers of the Dawn,D,minor,1.565,,,minor,,0.9093,2.9959,,0.4386,0.8324,4.0327,2,0.034,1.0,42.0,65.0,120.0,271,176.0,0.77,-1,0.459,sad/depressed
opus-4.8,free-form,codegen,Toward Clarity,D,minor,0.878,,,minor,,0.8842,2.8018,,0.7674,0.8629,3.3661,2,0.0,0.9999,24.0,45.0,120.0,65,28.0,1.16,-1,0.498,sad/depressed
llama-4-maverick,free-form,codegen,Piano Reflection,C,major,1.739,,,major,,1.0,2.25,,1.0,0.875,2.0,2,0.0,1.0,12.0,36.0,120.0,16,4.0,2.0,1,0.582,happy/excited
sonnet-4.6,free-form,codegen,Thresholds,A,major,0.838,,,major,,0.9952,2.6397,,0.7395,0.7846,2.0745,2,0.0103,0.9999,29.0,53.0,120.0,206,48.0,2.15,1,0.596,happy/excited
opus-4.8-thinking,free-form,codegen,Toward the Light,D,minor,1.05,,,minor,,0.8959,2.9478,,0.7529,0.9553,3.1176,3,0.0,1.0,33.0,57.0,120.0,390,68.0,2.87,-1,0.669,angry/tense
grok-4.3,free-form,codegen,Introspective Echoes,A,minor,1.157,,,minor,,0.9706,2.0632,,0.6176,0.8855,4.25,2,0.0,1.0,16.0,48.0,120.0,102,40.0,1.27,-1,0.509,angry/tense
gemini-2.5-pro,free-form,codegen,Woven Threads,C,major,0.968,,,major,,1.0,2.6516,,0.7069,0.9283,2.7475,3,0.0,1.0,18.0,34.0,120.0,350,51.0,3.43,1,0.725,happy/excited
gpt-5.5,free-form,codegen,Signal Through Quiet,E,minor,1.444,,,minor,,0.9569,2.9396,,0.3655,0.862,4.4427,5,0.0,1.0,32.0,53.0,120.0,458,48.0,4.77,-1,0.782,angry/tense
qwen3-max,free-form,codegen,Binary Sunset,E,minor,0.903,,,minor,,1.0,2.7825,,0.0952,0.8291,5.625,3,0.0,1.0,29.0,50.0,120.0,43,16.0,1.34,-1,0.516,angry/tense
llama-4-maverick,free-form,codegen,Simple Piano Piece,F,major,0.654,,,major,,1.0,-0.0,,1.0,1.0,2.0,2,0.0,1.0,2.0,24.0,120.0,32,16.0,1.0,1,0.482,serene/content
opus-4.8,free-form,codegen,Threshold,D,minor,1.33,,,minor,,0.9208,2.8721,,0.9408,0.9863,4.3068,4,0.0,1.0,37.0,59.0,120.0,293,44.0,3.33,-1,0.715,angry/tense
gpt-4.1,free-form,codegen,Solace in Stillness,E,minor,1.063,,,minor,,0.895,2.969,,0.61,0.775,2.1667,2,0.0,1.0,30.0,52.0,120.0,180,60.0,1.5,-1,0.532,angry/tense
opus-4.8-thinking,free-form,codegen,Quiet Light Through Rain,D,minor,1.244,,,minor,,0.9293,2.7833,,0.9583,0.9848,2.7448,3,0.0,1.0,26.0,40.0,120.0,283,48.0,2.95,-1,0.677,angry/tense
sonnet-4.6,free-form,codegen,Liminal,E,minor,1.064,,,minor,,0.8933,2.9904,,0.4828,0.7931,3.9385,2,0.0,0.9999,37.0,55.0,120.0,88,32.5,1.35,-1,0.517,angry/tense
deepseek-v4-pro,free-form,codegen,Breath of Data,C,major,1.239,,,major,,0.9275,3.0619,,0.0,0.6051,4.925,2,0.0,1.0,31.0,40.0,120.0,250,50.0,2.5,1,0.632,happy/excited
grok-4.3,free-form,codegen,Echoes of Solitude,A,minor,1.054,,,minor,,1.0,1.8366,,1.0,0.8889,1.5,1,0.0,1.0,5.0,12.0,120.0,70,40.0,0.88,-1,0.469,sad/depressed
gpt-4.1,free-form,codegen,Moments of Stillness,E,minor,0.871,,,minor,,1.0,2.3584,,0.8529,0.9664,3.2353,2,0.0141,1.0,17.0,36.0,120.0,31,35.0,0.44,-1,0.426,sad/depressed
gpt-5.5,free-form,codegen,A Signal Learns to Breathe,E,minor,1.354,,,minor,,0.9704,2.8558,,0.3856,0.839,4.4313,5,0.0,1.0,37.0,59.0,120.0,399,40.0,4.99,-1,0.782,angry/tense
qwen3-max,free-form,codegen,Binary Rain,F,major,0.75,,,major,,0.8824,3.0485,,0.5714,0.6984,1.7742,2,0.0,0.9999,21.0,46.0,120.0,51,16.0,1.59,1,0.541,happy/excited
llama-4-maverick,free-form,codegen,Simple Piano Piece,A,minor,0.659,,,minor,,1.0,1.5,,,1.0,1.0,1,0.0,1.0,3.0,4.0,120.0,64,32.0,1.0,-1,0.482,sad/depressed
opus-4.8,free-form,codegen,Threshold,D,minor,1.148,,,minor,,0.9776,2.8436,,0.6522,0.9179,4.0391,4,0.0,1.0,29.0,45.0,120.0,159,32.0,2.48,-1,0.63,angry/tense
opus-4.8-thinking,free-form,codegen,Quiet Light Returning,D,minor,1.285,,,minor,,1.0,2.6719,,0.641,0.8739,3.3047,3,0.0,1.0,28.0,48.0,120.0,147,32.0,2.3,-1,0.612,angry/tense
sonnet-4.6,free-form,codegen,Liminal,E,minor,1.131,,,minor,,0.9529,2.8963,,0.5143,0.7548,3.8011,3,0.0,0.9999,34.0,60.0,120.0,141,44.0,1.6,-1,0.542,angry/tense
gpt-5.5,free-form,codegen,Circuits Remember Rain,E,minor,1.318,,,minor,,0.8859,3.1038,,0.6018,0.9615,4.3633,5,0.0,1.0,45.0,59.0,84.0,709,91.4,5.54,-1,0.585,angry/tense
gemini-2.5-pro,free-form,codegen,"Digital Heartbeat, Analog Soul",C,minor,1.359,,,minor,,0.9961,2.2689,,0.5865,0.8494,2.7292,3,0.0381,1.0,22.0,39.0,120.0,234,52.0,2.25,-1,0.607,angry/tense
grok-4.3,free-form,codegen,Inner Reflections,A,minor,1.109,,,minor,,1.0,2.7158,,1.0,0.7949,1.3333,1,0.0,1.0,20.0,33.0,120.0,29,24.0,0.6,-1,0.442,sad/depressed
sonnet-4.6-thinking,free-form,codegen,Threshold,E,minor,1.114,,,minor,,1.0,2.681,,0.3443,0.9026,3.3056,2,0.0,1.0,26.0,47.0,120.0,98,36.0,1.36,-1,0.518,angry/tense
qwen3-max,free-form,codegen,Digital Soliloquy,C,major,1.189,,,major,,1.0,2.5596,,0.5634,0.8476,3.3594,2,0.0,0.9999,20.0,44.0,120.0,94,32.0,1.47,1,0.529,happy/excited
llama-4-maverick,free-form,codegen,Simple Piano Piece,C,major,1.04,,,major,,1.0,2.1556,,0.75,0.75,2.0,2,0.0,1.0,6.0,28.0,120.0,120,60.0,1.0,1,0.482,serene/content
opus-4.8,free-form,codegen,Quiet Machinery,E,minor,1.38,,,minor,,0.99,2.7188,,0.5378,0.8878,3.2734,3,0.0,1.0,29.0,47.0,120.0,185,32.0,2.89,-1,0.671,angry/tense
sonnet-4.6-thinking,free-form,codegen,Nocturne in E Minor,E,minor,1.298,,,minor,,0.9774,2.8024,,0.5039,0.798,2.5263,2,0.0,1.0,32.0,55.0,120.0,195,38.0,2.57,-1,0.638,angry/tense
sonnet-4.6-thinking,free-form,codegen,Drifting Inward,E,minor,1.216,,,minor,,0.9688,2.8851,,0.5312,0.8698,2.0,2,0.0,1.0,32.0,48.0,120.0,160,48.0,1.67,-1,0.548,angry/tense
sonnet-4.6,free-form,codegen,First Light,E,minor,1.15,,,minor,,1.0,2.6802,,0.5833,0.9431,4.7333,3,0.0,0.9999,28.0,52.0,120.0,198,45.0,2.2,-1,0.602,angry/tense
opus-4.8-thinking,free-form,codegen,Quiet Light Through Rain,D,minor,1.472,,,minor,,0.9115,2.9279,,0.8217,0.9542,2.2353,2,0.0,1.0,25.0,43.0,120.0,188,34.0,2.76,-1,0.658,angry/tense
gpt-4.1,free-form,codegen,Fragments in Stillness,A,minor,0.709,,,minor,,1.0,2.4853,,0.6712,0.8435,2.0901,2,0.0229,0.9999,13.0,48.0,120.0,121,67.5,0.9,-1,0.471,sad/depressed
gemini-2.5-pro,free-form,codegen,Glass Canons,A,minor,0.998,,,minor,,0.9972,2.3798,,0.3333,0.7881,4.5586,7,0.0,1.0,19.0,43.0,120.0,384,64.0,3.0,-1,0.682,angry/tense
grok-4.3,free-form,codegen,Digital Reverie,A,minor,0.915,,,minor,,0.9792,2.7995,,0.375,0.65,3.4595,2,0.0196,1.0,18.0,36.0,120.0,184,76.0,1.21,-1,0.503,angry/tense
deepseek-v4-pro,free-form,codegen,Wandering in A Minor,A,minor,1.392,,,minor,,0.9562,2.8265,,0.4658,0.9312,7.7109,6,0.0,1.0,32.0,51.0,120.0,233,64.0,1.82,-1,0.564,angry/tense
qwen3-max,free-form,codegen,Binary Heart,E,minor,0.975,,,minor,,1.0,2.5111,,0.6364,0.875,2.2604,3,0.0,1.0,18.0,36.0,120.0,158,24.0,3.29,-1,0.711,angry/tense
gpt-5.5,free-form,codegen,Between Query and Dawn,E,minor,1.347,,,minor,,0.9706,2.861,,0.2434,0.8973,5.8333,5,0.0,1.0,36.0,55.0,120.0,427,48.0,4.45,-1,0.782,angry/tense
llama-4-maverick,free-form,codegen,Simple Piano Piece,A,minor,0.659,,,minor,,1.0,1.5,,,1.0,1.0,1,0.0,1.0,3.0,4.0,120.0,120,60.0,1.0,-1,0.482,sad/depressed
opus-4.8,free-form,codegen,Quiet Machinery,D,minor,1.142,,,minor,,1.0,2.6918,,0.7807,0.9656,2.9815,3,0.0,1.0,26.0,48.0,120.0,302,54.0,2.8,-1,0.661,angry/tense
opus-4.8-thinking,free-form,codegen,Quiet Reckoning,D,minor,0.866,,,minor,,0.8951,2.8955,,0.6154,0.8736,4.5714,4,0.0,1.0,37.0,60.0,120.0,135,28.0,2.41,-1,0.623,angry/tense
deepseek-v4-pro,free-form,codegen,Veiled Horizons,E,minor,0.921,,,minor,,0.9718,2.9003,,0.6176,0.7393,1.9559,2,0.0,1.0,24.0,36.0,120.0,177,34.0,2.6,-1,0.642,angry/tense
sonnet-4.6-thinking,free-form,codegen,Fensterblick,E,minor,1.259,,,minor,,0.8963,3.033,,0.5714,0.7922,4.9365,2,0.0,1.0,38.0,55.0,120.0,142,64.0,1.11,-1,0.493,sad/depressed
gpt-4.1,free-form,codegen,A Window Into Stillness,D,minor,0.901,,,minor,,0.9759,2.7752,,0.375,0.7621,3.1875,2,0.0,1.0,19.0,36.0,120.0,128,32.0,2.0,-1,0.582,angry/tense
sonnet-4.6,free-form,codegen,Thresholds,D,minor,1.179,,,minor,,0.987,2.8111,,0.3878,0.7581,4.3125,3,0.0,0.9999,27.0,43.0,120.0,167,48.0,1.74,-1,0.556,angry/tense
deepseek-v4-pro,free-form,codegen,Whispers of the Morning Light,A,minor,1.449,,,minor,,0.938,2.8601,,0.5179,0.8671,2.9554,3,0.0,1.0,22.0,45.0,120.0,242,56.0,2.16,-1,0.598,angry/tense
grok-4.3,free-form,codegen,Inner Echoes,E,minor,0.836,,,minor,,1.0,2.2256,,0.3,0.871,3.3333,2,0.0,1.0,12.0,43.0,120.0,104,48.0,1.08,-1,0.49,sad/depressed
qwen3-max,free-form,codegen,Digital Soliloquy,C,minor,1.129,,,minor,,1.0,2.6267,,0.4286,0.825,2.8438,2,0.0,0.9999,12.0,36.0,120.0,38,16.0,1.19,-1,0.501,angry/tense
gpt-5.5,free-form,codegen,A Lantern Learns the Rain,A,minor,1.291,,,minor,,0.9693,2.8946,,0.2691,0.8259,4.2891,5,0.0,1.0,37.0,58.0,120.0,677,64.0,5.29,-1,0.782,angry/tense
gemini-2.5-pro,free-form,codegen,Ripples on a Still Surface,C,minor,1.632,,,minor,,0.8984,2.9113,,0.6292,0.826,1.6256,2,0.0,1.0,28.0,39.0,120.0,864,96.5,4.48,-1,0.782,angry/tense
sonnet-4.6-thinking,free-form,codegen,Fragments of Thought,D,minor,1.534,,,minor,,0.9558,2.9183,,0.6043,0.8168,2.628,2,0.0,0.9999,32.0,46.0,120.0,210,64.0,1.64,-1,0.546,angry/tense
llama-4-maverick,free-form,codegen,Simple Piano Melody,A,minor,0.659,,,minor,,1.0,1.5,,,1.0,1.0,1,0.0,1.0,3.0,4.0,120.0,120,60.0,1.0,-1,0.482,sad/depressed
opus-4.8,free-form,codegen,Threshold,D,minor,0.966,,,minor,,0.9006,2.8083,,0.5806,0.8822,3.85,3,0.0,1.0,33.0,50.0,92.0,153,52.2,1.91,-1,0.42,sad/depressed
opus-4.8-thinking,free-form,codegen,Emergent,D,minor,1.088,,,minor,,0.939,2.8845,,0.9315,0.9765,3.1154,3,0.0,1.0,30.0,48.0,58.0,240,80.7,3.08,-1,0.351,sad/depressed
gpt-4.1,free-form,codegen,Night Window,C,major,0.918,,,major,,1.0,2.7287,,0.24,0.7778,3.0761,3,0.127,1.0,20.0,41.0,120.0,61,32.0,0.95,1,0.477,serene/content
grok-4.3,free-form,codegen,Introspective Echoes,A,minor,1.126,,,minor,,1.0,2.4884,,0.7667,0.6818,2.875,2,0.0,1.0,8.0,29.0,120.0,180,64.0,1.41,-1,0.522,angry/tense
sonnet-4.6,free-form,codegen,Liminality,D,minor,1.317,,,minor,,1.0,2.7717,,0.2235,0.6657,3.6237,4,0.0103,0.9999,33.0,56.0,66.0,276,87.3,2.88,-1,0.375,sad/depressed
gpt-5.5,free-form,codegen,Recursive Lanterns,E,minor,1.404,,,minor,,0.9524,2.9391,,0.4304,0.8463,4.2461,5,0.0,1.0,39.0,60.0,120.0,661,64.0,5.16,-1,0.782,angry/tense
llama-4-maverick,free-form,codegen,Reflection,F,major,0.743,,,major,,1.0,1.7718,,,0.9375,1.0,1,0.0,1.0,4.0,9.0,120.0,64,32.0,1.0,1,0.482,serene/content
qwen3-max,free-form,codegen,Digital Soliloquy,C,minor,1.012,,,minor,,1.0,2.7202,,1.0,0.7368,1.4375,1,0.0,0.9999,14.0,39.0,120.0,27,17.0,0.79,-1,0.461,sad/depressed
opus-4.8,free-form,codegen,Convergence,D,minor,1.447,,,minor,,1.0,2.5787,,0.5714,0.9121,5.2841,4,0.0,1.0,25.0,48.0,120.0,76,22.0,1.73,-1,0.555,angry/tense
deepseek-v4-pro,free-form,codegen,Serene Reflections,D,major,1.201,,,major,,0.9892,2.7997,,0.6121,0.69,3.4375,2,0.0,1.0,23.0,36.0,120.0,187,48.0,1.95,1,0.577,happy/excited
opus-4.8-thinking,free-form,codegen,Toward the Light,D,minor,1.056,,,minor,,0.788,3.0573,,0.6927,0.9022,2.8229,3,0.0,1.0,27.0,48.0,120.0,283,48.0,2.95,-1,0.677,angry/tense
sonnet-4.6,free-form,codegen,Threshold,C,minor,0.959,,,minor,,0.9542,2.9316,,0.4857,0.7478,3.3194,3,0.0,1.0,31.0,53.0,120.0,141,36.0,1.96,-1,0.578,angry/tense
gpt-4.1,free-form,codegen,Refractions,F#,minor,1.018,,,minor,,1.0,2.6358,,0.5217,0.8617,1.9022,2,0.0364,0.9999,19.0,36.0,120.0,54,27.5,0.98,-1,0.48,sad/depressed
gpt-5.5,free-form,codegen,Afterimage in the Circuit,E,minor,0.965,,,minor,,0.9812,2.8778,,0.3802,0.8311,4.9635,5,0.0,1.0,40.0,61.0,120.0,535,48.0,5.57,-1,0.782,angry/tense
grok-4.3,free-form,codegen,Whispers of Eternity,C,major,1.017,,,major,,1.0,2.6613,,0.5385,0.7,3.75,2,0.0,1.0,15.0,41.0,120.0,84,32.0,1.31,1,0.513,happy/excited
sonnet-4.6-thinking,free-form,codegen,Vigil at Dawn,E,minor,0.867,,,minor,,0.9747,2.7537,,0.4118,0.7422,3.5875,3,0.0,1.0,32.0,60.0,120.0,156,40.0,1.95,-1,0.577,angry/tense
gemini-2.5-pro,free-form,codegen,Silicon Soul,C,minor,1.382,,,minor,,0.8595,3.0795,,0.8434,0.9649,2.7313,2,0.0182,1.0,35.0,55.0,120.0,352,82.0,2.15,-1,0.596,angry/tense
llama-4-maverick,free-form,codegen,Simple Melody,C,major,1.385,,,major,,1.0,2.6507,,0.5,0.6667,3.25,2,0.0,1.0,15.0,33.0,120.0,21,14.0,0.75,1,0.457,serene/content
qwen3-max,free-form,codegen,Digital Soliloquy,C,major,1.162,,,major,,1.0,2.7692,,1.0,1.0,2.2308,1,0.0,1.0,15.0,24.0,120.0,19,16.0,0.59,1,0.441,serene/content
opus-4.8,free-form,codegen,Threshold,D,minor,1.014,,,minor,,0.9582,2.894,,0.6759,0.96,5.525,4,0.0,1.0,36.0,52.0,120.0,209,40.0,2.61,-1,0.643,angry/tense
opus-4.8-thinking,free-form,codegen,Quiet Center,D,minor,1.094,,,minor,,0.9687,2.7867,,0.875,0.9703,3.8542,4,0.0,1.0,28.0,41.0,68.0,335,84.7,3.49,-1,0.447,sad/depressed
deepseek-v4-pro,free-form,codegen,Longing and Hope,A,minor,1.103,,,minor,,0.9433,2.9705,,0.7714,0.883,1.9896,2,0.0,1.0,32.0,44.0,120.0,247,48.0,2.57,-1,0.639,angry/tense
gemini-2.5-pro,free-form,codegen,Emergence,A,minor,0.781,,,minor,,1.0,2.0978,,0.7628,0.9641,2.5859,2,0.0,1.0,21.0,38.0,120.0,435,128.0,1.7,-1,0.552,angry/tense
gpt-4.1,free-form,codegen,Light Through Branches,D,major,1.025,,,major,,1.0,2.7008,,0.7292,0.9615,2.1603,2,0.0,1.0,22.0,43.0,120.0,67,34.0,0.99,1,0.48,serene/content
gpt-5.5,free-form,codegen,Recursive Dawn,E,minor,0.869,,,minor,,0.975,2.8994,,0.1847,0.8307,4.7617,5,0.0,1.0,31.0,48.0,78.0,637,98.5,4.98,-1,0.553,angry/tense
grok-4.3,free-form,codegen,Echoes of Solitude,A,minor,1.071,,,minor,,1.0,2.4371,,0.7273,0.92,2.375,2,0.0,1.0,10.0,21.0,120.0,64,32.0,1.0,-1,0.482,sad/depressed
deepseek-v4-pro,free-form,codegen,Whispers of the Lake,E,minor,0.962,,,minor,,0.9966,2.7489,,0.5319,0.904,4.4167,3,0.0,1.0,25.0,43.0,120.0,250,57.0,2.19,-1,0.601,angry/tense
sonnet-4.6,free-form,codegen,Four Held Breaths,E,minor,1.191,,,minor,,0.9026,3.1338,,0.3402,0.7865,3.7448,4,0.0,1.0,38.0,46.0,120.0,267,48.0,2.78,-1,0.66,angry/tense
qwen3-max,free-form,codegen,Digital Soliloquy,A,minor,1.085,,,minor,,0.9811,2.8087,,1.0,0.8148,1.9245,1,0.0179,0.9999,22.0,34.0,120.0,37,27.5,0.67,-1,0.449,sad/depressed
llama-4-maverick,free-form,codegen,Reflection,C,major,1.464,,,major,,1.0,1.5766,,1.0,1.0,5.0,2,0.0,1.0,8.0,36.0,120.0,14,8.0,0.88,1,0.469,serene/content
opus-4.8,free-form,codegen,Toward Coherence,A,minor,1.154,,,minor,,1.0,2.7122,,0.5833,0.8679,4.2321,4,0.0,1.0,23.0,48.0,120.0,100,28.0,1.79,-1,0.56,angry/tense
opus-4.8-thinking,free-form,codegen,Quiet Light,D,minor,1.281,,,minor,,0.9518,2.8766,,0.635,0.9511,2.8047,4,0.0,1.0,28.0,51.0,80.0,378,96.0,2.95,-1,0.459,sad/depressed
sonnet-4.6,free-form,codegen,At the Threshold,E,minor,1.009,,,minor,,0.9803,2.6861,,0.5786,0.8,3.0893,2,0.0,0.9999,28.0,51.0,120.0,218,56.0,1.95,-1,0.576,angry/tense
sonnet-4.6-thinking,free-form,codegen,Réflexion Nocturne,D,minor,1.378,,,minor,,0.9745,2.8286,,0.7442,0.885,2.6667,2,0.0,1.0,23.0,36.0,120.0,125,48.0,1.3,-1,0.512,angry/tense
gpt-5.5,free-form,codegen,Recursive Lanterns,E,minor,1.332,,,minor,,0.9571,2.9092,,0.4046,0.8802,6.0417,8,0.0,1.0,40.0,57.0,120.0,1068,72.0,7.42,-1,0.782,angry/tense
gpt-4.1,free-form,codegen,Pulse of Quiet Longing,C,major,1.203,,,major,,1.0,2.6955,,0.8304,0.9344,2.3828,4,0.0,1.0,21.0,36.0,120.0,201,32.0,3.14,1,0.696,happy/excited
deepseek-v4-pro,free-form,codegen,Echoes of Tomorrow,D,minor,1.223,,,minor,,0.9554,2.8483,,0.6731,0.884,4.6979,5,0.0,1.0,28.0,43.0,120.0,190,48.0,1.98,-1,0.58,angry/tense
grok-4.3,free-form,codegen,Inner Echoes,A,minor,1.073,,,minor,,1.0,2.4131,,0.8125,1.0,1.8182,2,0.4331,1.0,9.0,32.0,120.0,72,128.0,0.28,-1,0.41,sad/depressed
qwen3-max,free-form,codegen,Digital Soliloquy,C,minor,0.883,,,minor,,1.0,2.6628,,0.7576,0.9072,2.8906,2,0.0,0.9999,22.0,36.0,120.0,41,16.0,1.28,-1,0.51,angry/tense
llama-4-maverick,free-form,codegen,Reflection,F,major,0.672,,,major,,1.0,0.3998,,1.0,1.0,2.0,2,0.0,1.0,8.0,36.0,120.0,64,16.0,2.0,1,0.582,happy/excited
deepseek-v4-pro,free-form,codegen,Whispers of the Evening,E,minor,1.119,,,minor,,0.9945,2.6909,,0.5732,0.8904,1.3522,2,0.0,1.0,31.0,50.0,120.0,181,186.0,0.49,-1,0.43,sad/depressed
opus-4.8,free-form,codegen,Threshold,D,minor,1.514,,,minor,,0.9211,2.8954,,0.4429,0.9187,5.0625,4,0.0,1.0,41.0,57.0,120.0,253,52.0,2.43,-1,0.625,angry/tense
opus-4.8-thinking,free-form,codegen,Quiet Searching,D,minor,1.248,,,minor,,0.9476,2.7979,,0.5422,0.9123,4.75,4,0.0,1.0,33.0,50.0,120.0,178,36.0,2.47,-1,0.629,angry/tense
gemini-2.5-pro,free-form,codegen,Process and Emergence,C,minor,1.136,,,minor,,0.8702,2.8792,,0.75,0.9227,2.4167,4,0.0,1.0,32.0,49.0,120.0,416,88.0,2.36,-1,0.618,angry/tense
sonnet-4.6,free-form,codegen,Thresholds,A,major,1.246,,,major,,0.9879,2.7215,,0.2211,0.7507,3.6375,4,0.0,0.9999,26.0,57.0,120.0,175,40.0,2.19,1,0.601,happy/excited
gpt-5.5,free-form,codegen,Between Clock and Cloud,E,minor,1.292,,,minor,,0.9586,2.9059,,0.2452,0.7745,5.1958,5,0.0,1.0,42.0,63.0,120.0,518,60.0,4.32,-1,0.782,angry/tense
grok-4.3,free-form,codegen,Echoes of the Digital Soul,A,minor,1.165,,,minor,,1.0,2.3113,,0.875,1.0,2.0,2,0.0,1.0,10.0,27.0,120.0,128,32.0,2.0,-1,0.582,angry/tense
gpt-4.1,free-form,codegen,Waves of Thought,D,minor,0.996,,,minor,,1.0,2.6232,,0.5541,0.8102,2.1067,2,0.0,0.9998,15.0,31.0,120.0,122,42.0,1.45,-1,0.527,angry/tense
sonnet-4.6-thinking,free-form,codegen,Emergence,E,minor,1.152,,,minor,,0.9457,2.8595,,0.6136,0.8176,3.6458,2,0.0,0.9999,34.0,45.0,120.0,120,48.0,1.25,-1,0.507,angry/tense
llama-4-maverick,free-form,codegen,Ethereal Reflections,G,major,0.786,,,major,,1.0,2.2464,,1.0,0.9,4.0,2,0.0,1.0,16.0,41.0,120.0,12,16.0,0.38,1,0.419,serene/content
qwen3-max,free-form,codegen,Digital Soliloquy,A,minor,1.098,,,minor,,0.9111,2.7438,,0.8571,0.7333,2.125,1,0.0,0.9999,12.0,24.0,120.0,29,16.0,0.91,-1,0.472,sad/depressed
opus-4.8,free-form,codegen,Quiet Light Through Glass,A,minor,0.915,,,minor,,0.9732,2.8233,,0.7286,0.9043,2.7647,3,0.0,1.0,17.0,36.0,120.0,146,34.0,2.15,-1,0.597,angry/tense
opus-4.8-thinking,free-form,codegen,Toward Morning,D,minor,1.357,,,minor,,0.9041,3.0411,,0.8716,0.9702,4.6856,4,0.0,1.0,45.0,60.0,78.0,462,101.5,3.5,-1,0.503,angry/tense
sonnet-4.6,free-form,codegen,Candle in a Large Room,D,minor,0.968,,,minor,,0.9957,2.7104,,0.6047,0.8404,3.1068,2,0.0,0.9999,27.0,43.0,120.0,189,52.0,1.82,-1,0.564,angry/tense
sonnet-4.6-thinking,free-form,codegen,Nocturne in E minor,E,minor,1.095,,,minor,,0.9921,2.695,,0.6712,0.8725,1.9583,2,0.0,1.0,21.0,36.0,120.0,126,36.0,1.75,-1,0.557,angry/tense
deepseek-v4-pro,free-form,codegen,Whispers of Dorian Fields,D,minor,0.939,,,minor,,1.0,2.7747,,0.3828,0.8746,2.6172,3,0.0,1.0,15.0,41.0,120.0,172,32.0,2.69,-1,0.651,angry/tense
gpt-5.5,free-form,codegen,Between Tokens and Breath,E,minor,1.217,,,minor,,0.9739,2.841,,0.1176,0.7658,6.425,5,0.0,1.0,39.0,60.0,120.0,386,40.0,4.83,-1,0.782,angry/tense
grok-4.3,free-form,codegen,Echoes of the Algorithm,E,major,0.775,,,major,,0.9375,1.9212,,0.9,0.9167,1.6667,2,0.0,1.0,7.0,17.0,120.0,128,48.0,1.33,1,0.515,happy/excited
qwen3-max,free-form,codegen,Digital Soliloquy,A,minor,1.169,,,minor,,1.0,2.5264,,0.4783,0.8095,3.75,2,0.0,0.9999,21.0,38.0,120.0,36,16.0,1.12,-1,0.494,sad/depressed
llama-4-maverick,free-form,codegen,Reflection,C,major,1.195,,,major,,1.0,1.6221,,1.0,0.9917,2.0,2,0.0,1.0,12.0,36.0,120.0,240,60.0,2.0,1,0.582,happy/excited
gpt-4.1,free-form,codegen,Window to Dawn,E,minor,1.197,,,minor,,0.931,2.6177,,0.4928,0.8586,2.5764,2,0.0,1.0,24.0,48.0,120.0,96,36.0,1.33,-1,0.515,angry/tense
opus-4.8,free-form,codegen,Brief Coherence,E,minor,1.386,,,minor,,1.0,2.6922,,0.6818,0.9128,3.4297,3,0.0,1.0,29.0,53.0,120.0,84,32.0,1.31,-1,0.513,angry/tense
opus-4.8-thinking,free-form,codegen,Toward the Light,D,minor,0.843,,,minor,,0.81,3.0321,,0.8106,0.9817,4.1429,4,0.0,1.0,40.0,62.0,120.0,261,56.0,2.33,-1,0.615,angry/tense
sonnet-4.6-thinking,free-form,codegen,Luminous Ordinary,E,minor,1.12,,,minor,,1.0,2.6933,,0.5823,0.8962,2.7143,2,0.0,1.0,27.0,46.0,120.0,108,42.0,1.29,-1,0.51,angry/tense
deepseek-v4-pro,free-form,codegen,Whispers of A Minor,A,minor,1.152,,,minor,,0.9661,2.7548,,0.6346,0.9412,3.875,2,0.0,1.0,22.0,34.0,120.0,76,48.0,0.79,-1,0.461,sad/depressed
sonnet-4.6-thinking,free-form,codegen,Luminance,E,minor,1.06,,,minor,,0.9775,2.8022,,0.6125,0.7214,3.9615,2,0.0,1.0,34.0,52.0,120.0,126,52.0,1.21,-1,0.503,angry/tense
sonnet-4.6,free-form,codegen,Liminal,D,minor,1.341,,,minor,,0.9401,2.8194,,0.6571,0.887,4.3841,3,0.0,0.9999,31.0,48.0,120.0,121,36.0,1.68,-1,0.55,angry/tense
gpt-4.1,free-form,codegen,Reflections through Stillness,A,minor,0.717,,,minor,,1.0,2.411,,,1.0,1.0,1,0.2286,1.0,11.0,19.0,56.0,27,38.6,0.75,-1,0.108,sad/depressed
grok-4.3,free-form,codegen,Whispers of Solitude,A,minor,1.341,,,minor,,1.0,1.9417,,0.7656,0.9405,3.9375,2,0.0,1.0,10.0,43.0,120.0,80,32.0,1.25,-1,0.507,angry/tense
gpt-5.5,free-form,codegen,Luminous Recursion,E,minor,1.339,,,minor,,0.9588,2.8768,,0.7349,0.9397,4.125,5,0.0,1.0,41.0,67.0,120.0,623,64.0,4.87,-1,0.782,angry/tense
qwen3-max,free-form,codegen,Binary Sunset,E,minor,1.26,,,minor,,1.0,2.719,,0.6154,0.8,1.875,2,0.0,0.9999,17.0,39.0,120.0,42,12.0,1.75,-1,0.557,angry/tense
sonnet-4.6-thinking,free-form,codegen,Refraction,D,minor,0.874,,,minor,,0.9774,2.8525,,0.5231,0.8343,2.6625,2,0.0,1.0,25.0,41.0,120.0,105,40.0,1.31,-1,0.513,angry/tense
llama-4-maverick,free-form,codegen,Ethereal Reflections,C,major,1.372,,,major,,1.0,2.5366,,1.0,0.8824,2.0,1,0.0,0.9999,8.0,14.0,120.0,44,32.0,0.69,1,0.451,serene/content
opus-4.8-thinking,free-form,codegen,Where the Light Gets In,D,minor,1.317,,,minor,,0.9171,2.9035,,0.6667,0.9467,5.0208,4,0.0,1.0,29.0,43.0,120.0,350,42.0,4.17,-1,0.782,angry/tense
opus-4.8,free-form,codegen,Quiet Light Through a Window,A,minor,0.915,,,minor,,1.0,2.683,,0.5867,0.9022,4.2955,5,0.0,1.0,29.0,60.0,120.0,187,44.0,2.12,-1,0.594,angry/tense
sonnet-4.6,free-form,codegen,Thresholds,E,minor,0.636,,,minor,,0.8076,3.1348,,0.6577,0.7877,2.5259,2,0.0075,0.9999,42.0,55.0,120.0,255,66.0,1.93,-1,0.575,angry/tense
gpt-4.1,free-form,codegen,Between Light and Memory,E,major,1.26,,,major,,0.8906,3.0072,,0.12,0.7063,5.0208,3,0.0,1.0,26.0,46.0,120.0,45,12.0,1.88,1,0.569,happy/excited
sonnet-4.6-thinking,free-form,codegen,Before the Light Returns,E,minor,1.302,,,minor,,0.9779,2.8208,,0.5,0.7529,3.8393,2,0.0,1.0,26.0,46.0,120.0,136,56.0,1.21,-1,0.503,angry/tense
gpt-5.5,free-form,codegen,Luminous Recursion,E,minor,1.034,,,minor,,0.9701,2.888,,0.4378,0.8844,5.526,5,0.0,1.0,31.0,50.0,84.0,350,68.6,3.65,-1,0.55,angry/tense
grok-4.3,free-form,codegen,Inner Reflections,E,minor,1.093,,,minor,,1.0,2.6106,,,1.0,1.0,1,0.0,1.0,7.0,10.0,120.0,280,160.0,0.88,-1,0.469,sad/depressed
qwen3-max,free-form,codegen,Circuit of Thought,E,minor,1.444,,,minor,,0.8209,2.8436,,1.0,1.0,1.7647,2,0.0,1.0,14.0,41.0,120.0,130,34.0,1.91,-1,0.573,angry/tense
gemini-2.5-pro,free-form,codegen,Windowpane,C,major,0.888,,,major,,0.8478,2.9747,,0.7037,0.9161,2.3156,2,0.0992,0.9999,26.0,36.0,120.0,153,67.2,1.14,1,0.496,serene/content
llama-4-maverick,free-form,codegen,Simple Piano Piece,A,minor,0.659,,,minor,,1.0,1.5,,,1.0,1.0,1,0.0,1.0,3.0,4.0,120.0,124,62.0,1.0,-1,0.482,sad/depressed
opus-4.8,free-form,codegen,Threads of Thought,D,minor,0.917,,,minor,,0.9838,2.7523,,0.2057,0.8698,4.2454,3,0.0,1.0,29.0,43.0,120.0,330,54.0,3.06,-1,0.687,angry/tense
opus-4.8-thinking,free-form,codegen,From Shadow into Light,D,minor,1.398,,,minor,,0.8663,3.0934,,0.4911,0.978,5.2857,4,0.0,1.0,36.0,46.0,120.0,400,56.0,3.57,-1,0.739,angry/tense
deepseek-v4-pro,free-form,codegen,Whispers of the Evening,E-,major,1.017,,,major,,0.9712,2.9175,,0.5238,0.7935,1.8411,2,0.0,1.0,21.0,28.0,120.0,347,96.0,1.81,1,0.563,happy/excited
sonnet-4.6,free-form,codegen,Emergence,E,minor,0.948,,,minor,,0.9908,2.8099,,0.1618,0.6139,3.4688,4,0.0,0.9999,29.0,48.0,120.0,217,32.0,3.39,-1,0.721,angry/tense
deepseek-v4-pro,free-form,codegen,Whispers of Autumn,A,minor,1.187,,,minor,,0.963,2.8224,,0.7922,0.9156,2.0,2,0.0619,1.0,26.0,48.0,120.0,218,48.0,2.27,-1,0.609,angry/tense
grok-4.3,free-form,codegen,Echoes of Infinity,C,major,0.685,,,major,,1.0,2.2921,,0.325,0.8545,4.8409,4,0.0,1.0,19.0,45.0,120.0,270,45.0,3.0,1,0.682,happy/excited
gpt-4.1,free-form,codegen,Oscillations of Stillness,E,minor,1.086,,,minor,,1.0,2.5593,,0.5556,0.9474,2.725,2,0.3377,1.0,20.0,39.0,120.0,35,38.0,0.46,-1,0.428,sad/depressed
gemini-2.5-pro,free-form,codegen,Woven in Silence,C,minor,1.189,,,minor,,0.9701,2.6452,,0.8145,0.9741,3.0329,3,0.0191,1.0,28.0,43.0,120.0,209,80.0,1.31,-1,0.512,angry/tense
qwen3-max,free-form,codegen,Digital Rain,C,minor,1.41,,,minor,,0.96,2.6758,,0.6087,0.7822,1.8594,2,0.0,1.0,22.0,43.0,120.0,75,16.0,2.34,-1,0.616,angry/tense
llama-4-maverick,free-form,codegen,Echoes in the Attic,C,major,1.487,,,major,,1.0,1.585,,1.0,1.0,2.0,2,0.2857,1.0,6.0,31.0,120.0,6,30.5,0.1,1,0.392,serene/content
gpt-5.5,free-form,codegen,Luminous Recursion,E,minor,1.39,,,minor,,0.9764,2.8305,,0.1084,0.7916,5.625,4,0.0,1.0,38.0,60.0,120.0,524,64.0,4.09,-1,0.782,angry/tense
opus-4.8,free-form,codegen,"Quiet Machine, Bright Sky",D,minor,1.168,,,minor,,0.9798,2.8151,,0.6484,0.913,3.4141,4,0.0,1.0,26.0,41.0,120.0,231,32.0,3.61,-1,0.743,angry/tense
gemini-2.5-pro,free-form,codegen,Synthesis,C,major,0.677,,,major,,0.7712,3.0647,,0.3542,0.774,3.2605,2,0.0465,1.0,38.0,48.0,120.0,256,64.0,2.0,1,0.582,happy/excited
opus-4.8-thinking,free-form,codegen,Threads of Dawn,D,minor,1.05,,,minor,,0.9328,2.9672,,0.9263,0.9808,3.4688,4,0.0,1.0,37.0,55.0,120.0,353,56.0,3.15,-1,0.697,angry/tense
sonnet-4.6,free-form,codegen,Liminal,D,minor,1.048,,,minor,,0.9398,2.9225,,0.5263,0.9173,4.2014,4,0.0,0.9999,30.0,55.0,120.0,102,36.0,1.42,-1,0.523,angry/tense
deepseek-v4-pro,free-form,codegen,Longing Dusk,G,minor,1.617,,,minor,,0.9087,2.8866,,0.4719,0.6642,2.9167,2,0.0,1.0,25.0,43.0,66.0,168,87.3,1.75,-1,0.262,sad/depressed
grok-4.3,free-form,codegen,Introspective Algorithm,E,minor,0.921,,,minor,,1.0,2.25,,,0.75,1.0,1,0.0,1.0,5.0,10.0,120.0,160,40.0,2.0,-1,0.582,angry/tense
gpt-5.5,free-form,codegen,Lanterns in the Quiet Machine,D,minor,1.37,,,minor,,0.9369,3.0072,,0.4719,0.8531,3.6817,4,0.0,1.0,44.0,69.0,84.0,648,107.1,4.32,-1,0.585,angry/tense
gpt-4.1,free-form,codegen,Drifting Lights,A,major,0.949,,,major,,0.9827,2.7716,,0.6289,0.8456,1.6667,3,0.0,1.0,18.0,43.0,120.0,173,48.0,1.8,1,0.562,happy/excited
llama-4-maverick,free-form,codegen,Simple Melody,C,major,1.171,,,major,,1.0,2.5,,,1.0,1.0,1,0.0,1.0,6.0,9.0,120.0,8,4.0,1.0,1,0.482,serene/content
qwen3-max,free-form,codegen,Digital Soliloquy,C,major,0.964,,,major,,1.0,2.7762,,0.5,0.7952,2.9844,2,0.0,1.0,22.0,36.0,120.0,42,16.0,1.31,1,0.513,happy/excited
sonnet-4.6-thinking,free-form,codegen,Threshold,E,minor,1.317,,,minor,,0.9179,3.0356,,0.6462,0.8324,4.4375,3,0.0,1.0,50.0,58.0,120.0,247,40.0,3.09,-1,0.691,angry/tense
opus-4.8,free-form,codegen,Quiet Persistence,D,minor,1.106,,,minor,,0.9048,2.8309,,0.8923,0.9646,3.3333,3,0.0,1.0,24.0,50.0,120.0,102,18.0,2.83,-1,0.665,angry/tense
opus-4.8-thinking,free-form,codegen,Letters to a Quieter Self,D,minor,1.327,,,minor,,0.9113,2.961,,0.6875,0.9868,2.7604,3,0.0,1.0,37.0,57.0,120.0,293,48.0,3.05,-1,0.687,angry/tense
sonnet-4.6,free-form,codegen,Liminal,D,minor,1.152,,,minor,,1.0,2.6603,,0.6667,0.7993,3.4519,2,0.0,0.9999,29.0,55.0,120.0,145,52.0,1.39,-1,0.521,angry/tense
deepseek-v4-pro,free-form,codegen,Whispers of Light,A,minor,1.269,,,minor,,0.9647,2.8614,,0.719,0.9036,1.9453,2,0.0,1.0,25.0,39.0,120.0,171,32.0,2.67,-1,0.649,angry/tense
gpt-5.5,free-form,codegen,Afterimage of a Question,E,minor,1.191,,,minor,,1.0,2.7322,,0.3189,0.8036,4.9323,5,0.0,1.0,38.0,64.0,120.0,452,48.0,4.71,-1,0.782,angry/tense
grok-4.3,free-form,codegen,Digital Reverie,C,major,0.99,,,major,,1.0,2.5776,,0.8519,0.9444,2.0,2,0.0,1.0,18.0,43.0,120.0,41,16.0,1.28,1,0.51,happy/excited
gpt-4.1,free-form,codegen,The Unwinding Thread,E,minor,1.505,,,minor,,1.0,2.617,,0.2245,0.7986,4.053,3,0.08,0.9999,18.0,44.0,120.0,125,37.2,1.68,-1,0.55,angry/tense
qwen3-max,free-form,codegen,Binary Rain,C,minor,1.311,,,minor,,0.9412,2.8656,,0.3333,0.7089,3.625,2,0.0,0.9999,19.0,36.0,120.0,36,16.0,1.12,-1,0.494,sad/depressed
llama-4-maverick,free-form,codegen,Echoes in Serenity,C,major,1.079,,,major,,1.0,2.3994,,0.75,0.875,2.0,2,0.0,1.0,11.0,28.0,120.0,16,4.0,2.0,1,0.582,happy/excited
opus-4.8,free-form,codegen,Quiet Machinery of Thought,D,minor,1.261,,,minor,,0.9548,2.8611,,0.4806,0.919,4.8971,3,0.0,1.0,29.0,47.0,120.0,185,34.0,2.72,-1,0.654,angry/tense
sonnet-4.6-thinking,free-form,codegen,Lichtspiel,E,minor,1.095,,,minor,,0.9435,2.8785,,0.4688,0.8941,2.6562,2,0.0,1.0,26.0,41.0,66.0,166,87.3,1.73,-1,0.26,sad/depressed
gemini-2.5-pro,free-form,codegen,Sunbeam in a Quiet Room,G,major,0.846,,,major,,0.9846,2.8459,,0.3966,0.8,3.3077,2,0.0,1.0,29.0,54.0,120.0,87,52.0,0.84,1,0.465,serene/content
deepseek-v4-pro,free-form,codegen,Embers of Silence,C,minor,1.378,,,minor,,0.8611,2.8007,,0.0625,0.7762,3.7083,4,0.0,1.0,36.0,60.0,120.0,216,48.0,2.25,-1,0.607,angry/tense
sonnet-4.6,free-form,codegen,Geworfenheit,D,minor,1.328,,,minor,,0.8411,3.2332,,0.4098,0.7174,3.2083,3,0.0,1.0,41.0,50.0,120.0,407,72.0,2.83,-1,0.664,angry/tense
opus-4.8-thinking,free-form,codegen,Emergence,D,minor,1.171,,,minor,,0.9645,2.8385,,0.664,0.9816,5.2578,4,0.0,1.0,34.0,52.0,52.0,421,147.7,3.29,-1,0.34,sad/depressed
sonnet-4.6-thinking,free-form,codegen,Emergence,C,minor,1.506,,,minor,,0.9526,2.8527,,0.5817,0.7654,3.5492,2,0.0233,1.0,31.0,53.0,120.0,250,64.0,1.95,-1,0.577,angry/tense
grok-4.3,free-form,codegen,Echoes in the Circuit,C,minor,1.305,,,minor,,1.0,2.25,,,0.75,1.0,1,0.1597,0.9999,6.0,14.0,120.0,160,60.0,1.33,-1,0.515,angry/tense
gemini-2.5-pro,free-form,codegen,Woven Threads,E,minor,1.159,,,minor,,1.0,2.4165,,0.3762,0.7787,2.6081,4,0.0,1.0,18.0,36.0,120.0,263,78.0,1.69,-1,0.55,angry/tense
llama-4-maverick,free-form,codegen,Pulse,F,major,0.654,,,major,,1.0,-0.0,,1.0,1.0,2.0,2,0.8298,1.0,2.0,24.0,120.0,8,30.5,0.13,1,0.395,serene/content
qwen3-max,free-form,codegen,Digital Soliloquy,C,minor,1.046,,,minor,,0.9767,2.893,,0.3714,0.6807,3.6562,3,0.0,1.0,25.0,39.0,120.0,87,16.0,2.72,-1,0.654,angry/tense
gpt-5.5,free-form,codegen,Signal in the Quiet,A,minor,1.179,,,minor,,0.9598,2.935,,0.3151,0.7879,4.192,5,0.0,1.0,37.0,55.0,120.0,540,56.0,4.82,-1,0.782,angry/tense
opus-4.8,free-form,codegen,Quiet Persistence,D,minor,1.406,,,minor,,0.9847,2.7525,,0.6711,0.9641,2.8571,3,0.0,1.0,31.0,51.0,120.0,176,42.0,2.1,-1,0.591,angry/tense
opus-4.8-thinking,free-form,codegen,Toward the Light,D,minor,1.231,,,minor,,0.846,3.1117,,0.8828,0.9474,2.75,3,0.0,1.0,29.0,49.0,120.0,396,64.0,3.09,-1,0.691,angry/tense
gpt-4.1,free-form,codegen,Waves and Roots,A,minor,0.833,,,minor,,0.8194,3.0038,,0.5949,0.7805,2.0923,2,0.029,1.0,24.0,43.0,120.0,138,34.0,2.03,-1,0.585,angry/tense
sonnet-4.6,free-form,codegen,"Still Water, Moving Light",F,major,1.315,,,major,,1.0,2.6932,,0.4646,0.773,4.3285,3,0.0,1.0,30.0,55.0,60.0,268,137.0,1.96,1,0.25,serene/content
grok-4.3,free-form,codegen,Echoes of Solitude,E,minor,1.542,,,minor,,1.0,2.0944,,0.5714,1.0,1.5556,2,0.0,1.0,10.0,29.0,120.0,64,63.0,0.51,-1,0.433,sad/depressed
gpt-5.5,free-form,codegen,Luminous Recursion,A,minor,1.341,,,minor,,0.9494,2.8825,,0.3621,0.8283,5.3535,5,0.0,1.0,36.0,55.0,80.0,725,96.0,5.66,-1,0.564,angry/tense
qwen3-max,free-form,codegen,Binary Heart,E,minor,1.182,,,minor,,1.0,2.6773,,0.5769,0.8544,3.2326,2,0.1452,1.0,18.0,33.0,120.0,38,32.0,0.59,-1,0.441,sad/depressed
sonnet-4.6-thinking,free-form,codegen,Emerging from Stillness,E,minor,1.22,,,minor,,0.986,2.8129,,0.6957,0.7791,2.8594,2,0.0,1.0,22.0,36.0,120.0,151,64.0,1.18,-1,0.5,angry/tense
llama-4-maverick,free-form,codegen,Simple Piano Piece,C,major,1.542,,,major,,1.0,2.4489,,0.6667,0.7708,4.0,2,0.0,1.0,14.0,33.0,120.0,24,12.0,1.0,1,0.482,serene/content
opus-4.8,free-form,codegen,Patterns of a Quiet Mind,D,minor,1.394,,,minor,,0.9563,2.8638,,0.9725,0.9953,4.0614,3,0.0,1.0,31.0,51.0,120.0,188,28.5,3.3,-1,0.712,angry/tense
opus-4.8-thinking,free-form,codegen,Tide and Return,D,minor,1.127,,,minor,,0.9264,2.952,,0.4948,0.9821,3.776,4,0.0,1.0,32.0,53.0,120.0,326,48.0,3.4,-1,0.721,angry/tense
sonnet-4.6,free-form,codegen,Threshold,D,minor,0.998,,,minor,,0.9849,2.7282,,0.6452,0.7741,4.4313,3,0.0,0.9999,31.0,49.0,120.0,129,40.0,1.61,-1,0.543,angry/tense
deepseek-v4-pro,free-form,codegen,Emergence of Hope,A,minor,1.126,,,minor,,0.9714,2.8247,,0.6054,0.7723,2.1125,2,0.0,1.0,31.0,48.0,120.0,243,40.0,3.04,-1,0.686,angry/tense
deepseek-v4-pro,free-form,codegen,Veiled Reflections,A,minor,1.189,,,minor,,0.9781,2.7888,,0.5397,0.9112,4.225,2,0.0,1.0,27.0,43.0,120.0,85,40.0,1.06,-1,0.488,sad/depressed
gpt-4.1,free-form,codegen,Dusk to Dawn,E,minor,0.947,,,minor,,1.0,2.1083,,0.6744,0.8346,1.92,2,0.0364,0.9999,10.0,40.0,120.0,80,27.2,1.47,-1,0.529,angry/tense
gpt-5.5,free-form,codegen,Listening Between Pulses,E,minor,1.02,,,minor,,0.9802,2.8569,,0.1957,0.7392,4.8906,5,0.0,1.0,36.0,56.0,120.0,671,64.0,5.24,-1,0.782,angry/tense
grok-4.3,free-form,codegen,Echoes of Solitude,A,minor,0.935,,,minor,,1.0,2.75,,0.5583,0.5,2.0,2,0.0,1.0,8.0,29.0,120.0,240,60.0,2.0,-1,0.582,angry/tense
qwen3-max,free-form,codegen,Digital Soliloquy,A,minor,0.917,,,minor,,1.0,2.7701,,0.4348,0.7333,2.8203,2,0.0,0.9999,19.0,32.0,120.0,64,32.2,0.99,-1,0.481,sad/depressed
llama-4-maverick,free-form,codegen,Simple Piano Piece,A,minor,0.659,,,minor,,1.0,1.5,,,1.0,1.0,1,0.0,1.0,3.0,4.0,120.0,120,60.0,1.0,-1,0.482,sad/depressed
opus-4.8,free-form,codegen,Threads of Thought,D,minor,1.433,,,minor,,0.9253,2.926,,0.7455,0.9475,3.6364,4,0.0,1.0,32.0,43.0,120.0,229,44.0,2.6,-1,0.642,angry/tense
opus-4.8-thinking,free-form,codegen,Toward a Distant Light,D,minor,1.03,,,minor,,0.9601,2.8541,,0.8333,0.9569,3.2604,4,0.0,1.0,32.0,53.0,120.0,326,48.0,3.4,-1,0.721,angry/tense
sonnet-4.6,free-form,codegen,Thresholds,E,minor,1.221,,,minor,,0.9467,2.8999,,0.3448,0.8716,3.6346,4,0.0526,1.0,29.0,43.0,120.0,76,28.0,1.36,-1,0.518,angry/tense
sonnet-4.6-thinking,free-form,codegen,Nocturne for the Uncertain Hour,E,minor,1.298,,,minor,,0.9784,2.7512,,0.5897,0.8716,2.0078,2,0.0,1.0,25.0,39.0,120.0,224,64.0,1.75,-1,0.557,angry/tense
sonnet-4.6-thinking,free-form,codegen,Reverie in E Minor,E,minor,1.092,,,minor,,0.8619,3.0261,,0.5929,0.8186,2.0,2,0.0,1.0,28.0,38.0,120.0,182,48.0,1.9,-1,0.571,angry/tense
gpt-4.1,free-form,codegen,"Clear Night, Restless Mind",D,major,0.981,,,major,,1.0,2.7166,,0.3143,0.7919,2.9079,3,0.0,0.9999,25.0,47.0,120.0,76,25.0,1.52,1,0.534,happy/excited
deepseek-v4-pro,free-form,codegen,Digital Reflections,E,minor,0.982,,,minor,,0.9845,2.7877,,0.6685,0.861,3.1211,2,0.0,1.0,33.0,50.0,120.0,276,64.0,2.16,-1,0.597,angry/tense
grok-4.3,free-form,codegen,Whispers in the Wind,E,minor,1.063,,,minor,,1.0,2.5554,,0.6667,0.8958,4.0,2,0.0,1.0,19.0,46.0,120.0,128,48.0,1.33,-1,0.515,angry/tense
qwen3-max,free-form,codegen,Digital Soliloquy,E,minor,1.182,,,minor,,0.86,3.2129,,1.0,0.68,2.3043,1,0.0204,1.0,17.0,19.0,120.0,24,24.0,0.5,-1,0.432,sad/depressed
gpt-5.5,free-form,codegen,Gradient of Questions,D,minor,1.552,,,minor,,0.9402,2.9295,,0.4162,0.8167,4.6667,5,0.0,1.0,44.0,60.0,120.0,579,48.0,6.03,-1,0.782,angry/tense
llama-4-maverick,free-form,codegen,Simple Piano Piece,A,minor,0.659,,,minor,,1.0,1.5,,,1.0,1.0,1,0.0,1.0,3.0,4.0,120.0,120,60.0,1.0,-1,0.482,sad/depressed
sonnet-4.6-thinking,free-form,codegen,At the Threshold,D,minor,1.337,,,minor,,0.989,2.659,,0.5158,0.821,2.5895,2,0.0,1.0,25.0,39.0,52.0,153,110.8,1.59,-1,0.17,sad/depressed
opus-4.8-thinking,free-form,codegen,Towards the Light,D,major,0.762,,,major,,0.8778,2.8076,,0.6351,0.8958,4.2955,3,0.0,1.0,32.0,48.0,120.0,150,44.0,1.7,1,0.552,happy/excited
opus-4.8,free-form,codegen,Threshold,D,minor,1.434,,,minor,,0.9412,2.8883,,0.8052,0.9477,4.4306,3,0.0,1.0,32.0,50.0,120.0,128,36.0,1.78,-1,0.56,angry/tense
sonnet-4.6,free-form,codegen,Liminal,E,minor,0.889,,,minor,,0.9949,2.6446,,0.5075,0.8038,4.0273,4,0.0309,0.9999,26.0,48.0,120.0,321,48.0,3.34,-1,0.716,angry/tense
gemini-2.5-pro,free-form,codegen,Digital Reverie,C,minor,1.234,,,minor,,0.9627,2.8618,,0.7222,0.9116,2.8062,2,0.0,1.0,32.0,48.0,120.0,217,82.0,1.32,-1,0.514,angry/tense
grok-4.3,free-form,codegen,Quiet Resolve,A,minor,1.305,,,minor,,1.0,2.25,,,0.75,1.0,1,0.0,1.0,6.0,12.0,120.0,128,32.0,2.0,-1,0.582,angry/tense
deepseek-v4-pro,free-form,codegen,Evening Whispers,E,minor,1.075,,,minor,,1.0,2.7464,,0.5547,0.7656,2.0,2,0.0,1.0,21.0,38.0,60.0,213,96.0,2.22,-1,0.276,sad/depressed
gpt-4.1,free-form,codegen,Light Through Amber Glass,A,minor,1.043,,,minor,,0.9615,2.7879,,0.5667,0.8785,2.8834,2,0.0423,0.9999,18.0,37.0,120.0,55,35.2,0.78,-1,0.46,sad/depressed
gpt-5.5,free-form,codegen,Lanterns in the Machine,E,minor,1.266,,,minor,,0.9467,2.9465,,0.4811,0.84,4.9427,5,0.0,1.0,40.0,57.0,76.0,459,75.8,4.78,-1,0.542,angry/tense
qwen3-max,free-form,codegen,Echoes in the Static,C,minor,1.568,,,minor,,0.883,2.7637,,0.25,0.6838,8.5893,3,0.0,0.9999,22.0,47.0,66.0,41,76.4,0.49,-1,0.136,sad/depressed
llama-4-maverick,free-form,codegen,Self-Expression,C,major,1.426,,,major,,1.0,1.5567,,1.0,1.0,2.0,1,0.0,0.9999,4.0,12.0,120.0,20,16.0,0.62,1,0.444,serene/content
opus-4.8,free-form,codegen,Threshold,D,minor,1.286,,,minor,,1.0,2.7219,,0.4762,0.8259,3.9922,3,0.0,1.0,32.0,58.0,120.0,219,64.0,1.71,-1,0.553,angry/tense
opus-4.8-thinking,free-form,codegen,Letters to the Quiet Hour,D,minor,1.396,,,minor,,0.9834,2.7557,,0.4348,0.8745,3.4226,4,0.0,1.0,35.0,63.0,120.0,305,42.0,3.63,-1,0.745,angry/tense
sonnet-4.6,free-form,codegen,Liminal,E,minor,0.965,,,minor,,0.9912,2.8056,,0.4706,0.6967,2.7873,2,0.0,0.9999,25.0,50.0,120.0,89,40.0,1.11,-1,0.493,sad/depressed
deepseek-v4-pro,free-form,codegen,Whispers of Evening,E,minor,1.339,,,minor,,0.9497,2.8969,,0.6037,0.8078,2.1071,2,0.0,1.0,31.0,52.0,120.0,296,56.0,2.64,-1,0.646,angry/tense
gpt-4.1,free-form,codegen,Wanderer’s Reflection,E,minor,1.318,,,minor,,0.9783,2.7303,,0.6296,0.775,2.9167,2,0.0,1.0,20.0,47.0,120.0,36,12.0,1.5,-1,0.532,angry/tense
gpt-5.5,free-form,codegen,Latency Bloom,E,minor,0.921,,,minor,,0.9806,2.8232,,0.6402,0.8851,3.6719,4,0.0,1.0,35.0,55.0,120.0,396,48.0,4.12,-1,0.782,angry/tense
grok-4.3,free-form,codegen,Veiled Emotions,E,minor,1.239,,,minor,,1.0,2.395,,0.6333,0.8083,4.0,2,0.0,1.0,13.0,32.0,120.0,106,30.0,1.77,-1,0.558,angry/tense
gemini-2.5-pro,free-form,codegen,Emergence,C,minor,1.443,,,minor,,0.9208,2.7805,,0.64,0.9304,2.807,3,0.1946,1.0,24.0,36.0,120.0,70,80.0,0.44,-1,0.426,sad/depressed
qwen3-max,free-form,codegen,Circuit of Thought,C,minor,1.087,,,minor,,0.9836,2.7319,,0.7241,0.8058,3.8145,2,0.0,1.0,25.0,41.0,120.0,37,16.0,1.16,-1,0.497,sad/depressed
sonnet-4.6-thinking,free-form,codegen,Dusk Walk,E,minor,1.224,,,minor,,0.9551,2.8309,,0.6667,0.8584,2.2396,2,0.0,1.0,30.0,45.0,120.0,167,48.0,1.74,-1,0.556,angry/tense
llama-4-maverick,free-form,codegen,Reflection,C,major,0.922,,,major,,1.0,1.75,,0.75,0.875,2.0,2,0.0,1.0,6.0,28.0,120.0,240,120.0,1.0,1,0.482,serene/content
opus-4.8,free-form,codegen,Threshold,D,minor,1.48,,,minor,,0.9889,2.7594,,0.7551,0.867,2.9444,2,0.0,1.0,31.0,56.0,120.0,147,36.0,2.04,-1,0.586,angry/tense
opus-4.8-thinking,free-form,codegen,Toward the Light,D,minor,1.361,,,minor,,0.8545,3.0847,,0.6683,0.9454,3.375,3,0.0,1.0,33.0,47.0,120.0,327,60.0,2.73,-1,0.654,angry/tense
sonnet-4.6,free-form,codegen,Liminal,E,minor,1.217,,,minor,,0.993,2.786,,0.5714,0.7318,2.3692,2,0.0,1.0,29.0,46.0,120.0,131,33.0,1.98,-1,0.58,angry/tense
gpt-4.1,free-form,codegen,Distant Light,E,minor,1.127,,,minor,,1.0,2.702,,0.5913,0.7465,2.6358,2,0.0,1.0,24.0,41.0,120.0,237,75.5,1.57,-1,0.539,angry/tense
gpt-5.5,free-form,codegen,A Lantern Inside the Machine,A,minor,1.092,,,minor,,0.962,2.9008,,0.1298,0.7488,4.0195,4,0.0,1.0,36.0,55.0,120.0,454,64.0,3.55,-1,0.737,angry/tense
grok-4.3,free-form,codegen,Echoes of Solitude,A,minor,1.608,,,minor,,1.0,2.5765,,0.5556,0.7892,3.2105,2,0.0,0.9999,15.0,31.0,120.0,83,38.0,1.09,-1,0.491,sad/depressed
gemini-2.5-pro,free-form,codegen,Emergence,C,minor,1.471,,,minor,,0.8602,2.9796,,0.4147,0.6146,3.2774,2,0.0,1.0,30.0,40.0,120.0,625,82.0,3.81,-1,0.763,angry/tense
deepseek-v4-pro,free-form,codegen,Fading Light,E,minor,1.143,,,minor,,0.9643,2.9539,,0.3016,0.798,4.8676,2,0.0,0.9999,26.0,36.0,120.0,85,34.0,1.25,-1,0.507,angry/tense
qwen3-max,free-form,codegen,Digital Soliloquy,A,minor,1.32,,,minor,,0.8346,3.2761,,0.8974,0.5391,3.0354,1,0.0,0.9999,27.0,29.0,120.0,47,30.0,0.78,-1,0.46,sad/depressed
llama-4-maverick,free-form,codegen,Self-Expression,F,major,0.743,,,major,,1.0,1.7718,,,0.9375,1.0,1,0.0,1.0,4.0,7.0,120.0,64,32.0,1.0,1,0.482,serene/content
opus-4.8,free-form,codegen,Threshold,D,minor,1.31,,,minor,,0.9598,2.8325,,0.3404,0.8402,3.0312,3,0.0,1.0,27.0,42.0,120.0,309,56.0,2.76,-1,0.658,angry/tense
opus-4.8-thinking,free-form,codegen,Toward the Light,D,minor,1.258,,,minor,,0.859,3.0619,,0.7917,0.9417,3.974,4,0.0,1.0,35.0,53.0,120.0,288,48.0,3.0,-1,0.682,angry/tense
deepseek-v4-pro,free-form,codegen,Whispers of the Digital Dawn,E,minor,1.354,,,minor,,0.9474,2.6939,,0.5,0.8692,4.8154,3,0.0,0.9999,19.0,40.0,120.0,43,16.2,1.32,-1,0.514,angry/tense
sonnet-4.6-thinking,free-form,codegen,Dusk Reflection,D,minor,1.23,,,minor,,0.9813,2.8519,,0.6022,0.8128,2.0417,2,0.0,1.0,26.0,41.0,120.0,266,48.0,2.77,-1,0.659,angry/tense
gpt-4.1,free-form,codegen,Shifting Light,A,minor,1.23,,,minor,,0.9658,2.7733,,0.6491,0.9477,1.753,2,0.0515,1.0,23.0,41.0,120.0,109,48.0,1.14,-1,0.495,sad/depressed
gpt-5.5,free-form,codegen,Between Signal and Breath,E,minor,1.423,,,minor,,0.9688,2.861,,0.1176,0.7771,5.4813,5,0.0,1.0,47.0,72.0,120.0,374,40.0,4.67,-1,0.782,angry/tense
grok-4.3,free-form,codegen,Echoes of Solitude,A,minor,0.952,,,minor,,1.0,2.7335,,0.75,0.875,2.0,2,0.0,1.0,13.0,33.0,120.0,64,32.0,1.0,-1,0.482,sad/depressed
sonnet-4.6,free-form,codegen,Thresholds,A,minor,0.921,,,minor,,1.0,2.7747,,0.1926,0.7143,3.7158,4,0.0155,0.9999,24.0,43.0,60.0,400,192.0,2.08,-1,0.263,sad/depressed
qwen3-max,free-form,codegen,Binary Rain,G,major,0.874,,,major,,0.9701,2.8155,,0.7037,0.8453,1.9412,2,0.0,1.0,15.0,36.0,120.0,146,34.0,2.15,1,0.597,happy/excited
gemini-2.5-pro,free-form,codegen,Echoes of a Digital Ghost,C,minor,0.818,,,minor,,0.9612,2.6757,,0.4906,0.8786,2.1951,2,0.0118,1.0,26.0,48.0,120.0,94,42.0,1.12,-1,0.494,sad/depressed
llama-4-maverick,free-form,codegen,Simple Piano Piece,A,minor,0.659,,,minor,,1.0,1.5,,,1.0,1.0,1,0.0,1.0,3.0,4.0,120.0,120,60.0,1.0,-1,0.482,sad/depressed
opus-4.8,free-form,codegen,Two Things at Once,E,minor,1.217,,,minor,,0.9533,2.7802,,0.4889,0.9221,3.5357,3,0.0,1.0,24.0,45.0,120.0,92,28.0,1.64,-1,0.546,angry/tense
opus-4.8-thinking,free-form,codegen,Emergence,D,minor,1.006,,,minor,,0.8966,3.1104,,0.9585,0.9901,3.6719,4,0.0,1.0,41.0,58.0,120.0,345,64.0,2.7,-1,0.651,angry/tense
sonnet-4.6,free-form,codegen,Liminal,D,minor,1.005,,,minor,,0.9741,2.8977,,0.375,0.7309,4.4453,3,0.0,1.0,28.0,43.0,120.0,128,32.0,2.0,-1,0.582,angry/tense
deepseek-v4-pro,free-form,codegen,Raindrops on Leaves,E-,major,0.963,,,major,,1.0,2.524,,0.5814,0.9184,3.4375,3,0.0,1.0,17.0,31.0,120.0,69,32.0,1.08,1,0.49,serene/content
gpt-5.5,free-form,codegen,Between Tokens and Breath,E,minor,1.249,,,minor,,0.9189,3.0446,,0.4703,0.8949,4.5885,4,0.0,1.0,45.0,58.0,120.0,377,48.0,3.93,-1,0.775,angry/tense
grok-4.3,free-form,codegen,Introspective Flow,A,minor,1.15,,,minor,,1.0,2.2359,,1.0,0.8571,2.0,1,0.0,0.9999,7.0,24.0,120.0,50,40.0,0.62,-1,0.444,sad/depressed
gemini-2.5-pro,free-form,codegen,Ghost in the Code,C,minor,1.136,,,minor,,0.9495,2.4908,,0.7057,0.9044,1.7661,2,0.0,1.0,33.0,54.0,120.0,552,64.0,4.31,-1,0.782,angry/tense
qwen3-max,free-form,codegen,Digital Soliloquy,C,major,0.945,,,major,,1.0,2.4677,,0.8,0.9474,3.5,2,0.0,1.0,11.0,29.0,120.0,40,16.0,1.25,1,0.507,happy/excited
gpt-4.1,free-form,codegen,After the Quiet Morning,E,minor,1.049,,,minor,,1.0,2.5286,,0.5538,0.9205,2.3538,2,0.0,1.0,20.0,43.0,120.0,96,32.5,1.48,-1,0.53,angry/tense
llama-4-maverick,free-form,codegen,Ethereal Reflections,F,major,1.078,,,major,,1.0,1.5219,,1.0,1.0,1.5,2,0.7091,0.9999,3.0,9.0,120.0,20,30.5,0.33,1,0.415,serene/content
deepseek-v4-pro,free-form,codegen,Algorithmic Echoes,A,minor,1.002,,,minor,,0.98,2.8082,,0.9612,1.0,4.4688,6,0.0,1.0,40.0,62.0,120.0,1000,64.0,7.81,-1,0.782,angry/tense
sonnet-4.6-thinking,free-form,codegen,Longing in D,D,minor,1.32,,,minor,,0.9444,2.8829,,0.4722,0.9,3.9062,2,0.0,1.0,24.0,34.0,120.0,95,48.0,0.99,-1,0.481,sad/depressed
sonnet-4.6-thinking,free-form,codegen,Reverie in E Minor,E,minor,1.385,,,minor,,0.9714,2.8027,,0.5354,0.8186,2.25,2,0.0,1.0,34.0,57.0,120.0,169,48.0,1.76,-1,0.558,angry/tense
sonnet-4.6-thinking,free-form,codegen,Reverie in E Minor,E,minor,1.008,,,minor,,0.8597,3.1043,,0.6236,0.7851,2.1458,2,0.0,1.0,36.0,48.0,120.0,274,48.0,2.85,-1,0.667,angry/tense
sonnet-4.6-thinking,free-form,codegen,Wandering Inward,D,minor,1.446,,,minor,,1.0,2.635,,0.7019,0.8801,3.6979,2,0.0,0.9999,27.0,51.0,120.0,159,48.0,1.66,-1,0.547,angry/tense
sonnet-4.6-thinking,free-form,codegen,Evening Tide,E,minor,1.163,,,minor,,0.9919,2.8238,,0.75,0.9067,2.6296,2,0.0,1.0,27.0,48.0,120.0,90,27.0,1.67,-1,0.548,angry/tense
